G1 Model,G2 Reference Model,Family,Stages,Motor kW,Motor HP,Connection,Full Impellers,Small Impellers,Smallest Impellers
CHC 1-1,CHC 1-10,CHC 1,1,0.37,0.5,DN32 (G1¼),1,0,0
CHC 1-2,CHC 1-20,CHC 1,2,0.37,0.5,DN32 (G1¼),2,0,0
CHC 1-3,CHC 1-30,CHC 1,3,0.37,0.5,DN32 (G1¼),3,0,0
CHC 1-4,CHC 1-40,CHC 1,4,0.37,0.5,DN32 (G1¼),4,0,0
CHC 1-5,CHC 1-50,CHC 1,5,0.37,0.5,DN32 (G1¼),5,0,0
CHC 1-6,CHC 1-60,CHC 1,6,0.37,0.5,DN32 (G1¼),6,0,0
CHC 1-7,CHC 1-70,CHC 1,7,0.37,0.5,DN32 (G1¼),7,0,0
CHC 1-8,CHC 1-80,CHC 1,8,0.55,0.75,DN32 (G1¼),8,0,0
CHC 1-9,CHC 1-90,CHC 1,9,0.55,0.75,DN32 (G1¼),9,0,0
CHC 1-10,CHC 1-100,CHC 1,10,0.55,0.75,DN32 (G1¼),10,0,0
CHC 1-11,CHC 1-110,CHC 1,11,0.55,0.75,DN32 (G1¼),11,0,0
CHC 1-12,CHC 1-120,CHC 1,12,0.75,1,DN32 (G1¼),12,0,0
CHC 1-13,CHC 1-130,CHC 1,13,0.75,1,DN32 (G1¼),13,0,0
CHC 1-14,CHC 1-140,CHC 1,14,0.75,1,DN32 (G1¼),14,0,0
CHC 1-15,CHC 1-150,CHC 1,15,0.75,1,DN32 (G1¼),15,0,0
CHC 1-16,CHC 1-160,CHC 1,16,1.1,1.5,DN32 (G1¼),16,0,0
CHC 1-17,CHC 1-170,CHC 1,17,1.1,1.5,DN32 (G1¼),17,0,0
CHC 1-18,CHC 1-180,CHC 1,18,1.1,1.5,DN32 (G1¼),18,0,0
CHC 1-19,CHC 1-190,CHC 1,19,1.1,1.5,DN32 (G1¼),19,0,0
CHC 1-20,CHC 1-200,CHC 1,20,1.1,1.5,DN32 (G1¼),20,0,0
CHC 1-21,CHC 1-210,CHC 1,21,1.1,1.5,DN32 (G1¼),21,0,0
CHC 1-22,CHC 1-220,CHC 1,22,1.1,1.5,DN32 (G1¼),22,0,0
CHC 1-23,CHC 1-230,CHC 1,23,1.1,1.5,DN32 (G1¼),23,0,0
CHC 1-24,CHC 1-240,CHC 1,24,1.5,2,DN32,24,0,0
CHC 1-25,CHC 1-250,CHC 1,25,1.5,2,DN32,25,0,0
CHC 1-26,CHC 1-260,CHC 1,26,1.5,2,DN32,26,0,0
CHC 1-27,CHC 1-270,CHC 1,27,1.5,2,DN32,27,0,0
CHC 1-28,CHC 1-280,CHC 1,28,1.5,2,DN32,28,0,0
CHC 1-29,CHC 1-290,CHC 1,29,1.5,2,DN32,29,0,0
CHC 1-30,CHC 1-300,CHC 1,30,1.5,2,DN32,30,0,0
CHC 1-31,CHC 1-310,CHC 1,31,2.2,3,DN32,31,0,0
CHC 1-32,CHC 1-320,CHC 1,32,2.2,3,DN32,32,0,0
CHC 1-33,CHC 1-330,CHC 1,33,2.2,3,DN32,33,0,0
CHC 1-34,CHC 1-340,CHC 1,34,2.2,3,DN32,34,0,0
CHC 1-35,CHC 1-350,CHC 1,35,2.2,3,DN32,35,0,0
CHC 1-36,CHC 1-360,CHC 1,36,2.2,3,DN32,36,0,0
CHC 2-1,CHC 2-10,CHC 2,1,0.37,0.5,DN32 (G1¼),1,0,0
CHC 2-2,CHC 2-20,CHC 2,2,0.37,0.5,DN32 (G1¼),2,0,0
CHC 2-3,CHC 2-30,CHC 2,3,0.37,0.5,DN32 (G1¼),3,0,0
CHC 2-4,CHC 2-40,CHC 2,4,0.55,0.75,DN32 (G1¼),4,0,0
CHC 2-5,CHC 2-50,CHC 2,5,0.55,0.75,DN32 (G1¼),5,0,0
CHC 2-6,CHC 2-60,CHC 2,6,0.75,1,DN32 (G1¼),6,0,0
CHC 2-7,CHC 2-70,CHC 2,7,0.75,1,DN32 (G1¼),7,0,0
CHC 2-8,CHC 2-80,CHC 2,8,1.1,1.5,DN32 (G1¼),8,0,0
CHC 2-9,CHC 2-90,CHC 2,9,1.1,1.5,DN32 (G1¼),9,0,0
CHC 2-10,CHC 2-100,CHC 2,10,1.1,1.5,DN32 (G1¼),10,0,0
CHC 2-11,CHC 2-110,CHC 2,11,1.1,1.5,DN32 (G1¼),11,0,0
CHC 2-12,CHC 2-120,CHC 2,12,1.5,2,DN32 (G1¼),12,0,0
CHC 2-13,CHC 2-130,CHC 2,13,1.5,2,DN32 (G1¼),13,0,0
CHC 2-14,CHC 2-140,CHC 2,14,1.5,2,DN32,14,0,0
CHC 2-15,CHC 2-150,CHC 2,15,1.5,2,DN32,15,0,0
CHC 2-16,CHC 2-160,CHC 2,16,2.2,3,DN32,16,0,0
CHC 2-17,CHC 2-170,CHC 2,17,2.2,3,DN32,17,0,0
CHC 2-18,CHC 2-180,CHC 2,18,2.2,3,DN32,18,0,0
CHC 2-19,CHC 2-190,CHC 2,19,2.2,3,DN32,19,0,0
CHC 2-20,CHC 2-200,CHC 2,20,2.2,3,DN32,20,0,0
CHC 2-21,CHC 2-210,CHC 2,21,2.2,3,DN32,21,0,0
CHC 2-22,CHC 2-220,CHC 2,22,2.2,3,DN32,22,0,0
CHC 2-23,CHC 2-230,CHC 2,23,3,4,DN32,23,0,0
CHC 2-24,CHC 2-240,CHC 2,24,3,4,DN32,24,0,0
CHC 2-25,CHC 2-250,CHC 2,25,3,4,DN32,25,0,0
CHC 2-26,CHC 2-260,CHC 2,26,3,4,DN32,26,0,0
CHC 3-1,CHC 3-10,CHC 3,1,0.37,0.5,DN32 (G1¼),1,0,0
CHC 3-2,CHC 3-20,CHC 3,2,0.37,0.5,DN32 (G1¼),2,0,0
CHC 3-3,CHC 3-30,CHC 3,3,0.37,0.5,DN32 (G1¼),3,0,0
CHC 3-4,CHC 3-40,CHC 3,4,0.37,0.5,DN32 (G1¼),4,0,0
CHC 3-5,CHC 3-50,CHC 3,5,0.37,0.5,DN32 (G1¼),5,0,0
CHC 3-6,CHC 3-60,CHC 3,6,0.55,0.75,DN32 (G1¼),6,0,0
CHC 3-7,CHC 3-70,CHC 3,7,0.55,0.75,DN32 (G1¼),7,0,0
CHC 3-8,CHC 3-80,CHC 3,8,0.75,1,DN32 (G1¼),8,0,0
CHC 3-9,CHC 3-90,CHC 3,9,0.75,1,DN32 (G1¼),9,0,0
CHC 3-10,CHC 3-100,CHC 3,10,0.75,1,DN32 (G1¼),10,0,0
CHC 3-11,CHC 3-110,CHC 3,11,1.1,1.5,DN32 (G1¼),11,0,0
CHC 3-12,CHC 3-120,CHC 3,12,1.1,1.5,DN32 (G1¼),12,0,0
CHC 3-13,CHC 3-130,CHC 3,13,1.1,1.5,DN32 (G1¼),13,0,0
CHC 3-14,CHC 3-140,CHC 3,14,1.1,1.5,DN32 (G1¼),14,0,0
CHC 3-15,CHC 3-150,CHC 3,15,1.1,1.5,DN32 (G1¼),15,0,0
CHC 3-16,CHC 3-160,CHC 3,16,1.5,2,DN32 (G1¼),16,0,0
CHC 3-17,CHC 3-170,CHC 3,17,1.5,2,DN32 (G1¼),17,0,0
CHC 3-18,CHC 3-180,CHC 3,18,1.5,2,DN32 (G1¼),18,0,0
CHC 3-19,CHC 3-190,CHC 3,19,1.5,2,DN32 (G1¼),19,0,0
CHC 3-20,CHC 3-200,CHC 3,20,2.2,3,DN32 (G1¼),20,0,0
CHC 3-21,CHC 3-210,CHC 3,21,2.2,3,DN32 (G1¼),21,0,0
CHC 3-22,CHC 3-220,CHC 3,22,2.2,3,DN32 (G1¼),22,0,0
CHC 3-23,CHC 3-230,CHC 3,23,2.2,3,DN32 (G1¼),23,0,0
CHC 3-24,CHC 3-240,CHC 3,24,2.2,3,DN32,24,0,0
CHC 3-25,CHC 3-250,CHC 3,25,2.2,3,DN32,25,0,0
CHC 3-26,CHC 3-260,CHC 3,26,2.2,3,DN32,26,0,0
CHC 3-27,CHC 3-270,CHC 3,27,2.2,3,DN32,27,0,0
CHC 3-28,CHC 3-280,CHC 3,28,2.2,3,DN32,28,0,0
CHC 3-29,CHC 3-290,CHC 3,29,2.2,3,DN32,29,0,0
CHC 3-30,CHC 3-300,CHC 3,30,3,4,DN32,30,0,0
CHC 3-31,CHC 3-310,CHC 3,31,3,4,DN32,31,0,0
CHC 3-32,CHC 3-320,CHC 3,32,3,4,DN32,32,0,0
CHC 3-33,CHC 3-330,CHC 3,33,3,4,DN32,33,0,0
CHC 3-34,CHC 3-340,CHC 3,34,3,4,DN32,34,0,0
CHC 3-35,CHC 3-350,CHC 3,35,3,4,DN32,35,0,0
CHC 3-36,CHC 3-360,CHC 3,36,3,4,DN32,36,0,0
CHC 4-1,CHC 4-10,CHC 4,1,0.37,0.5,DN32 (G1¼),1,0,0
CHC 4-2,CHC 4-20,CHC 4,2,0.37,0.5,DN32 (G1¼),2,0,0
CHC 4-3,CHC 4-30,CHC 4,3,0.55,0.75,DN32 (G1¼),3,0,0
CHC 4-4,CHC 4-40,CHC 4,4,0.75,1,DN32 (G1¼),4,0,0
CHC 4-5,CHC 4-50,CHC 4,5,1.1,1.5,DN32 (G1¼),5,0,0
CHC 4-6,CHC 4-60,CHC 4,6,1.1,1.5,DN32 (G1¼),6,0,0
CHC 4-7,CHC 4-70,CHC 4,7,1.5,2,DN32 (G1¼),7,0,0
CHC 4-8,CHC 4-80,CHC 4,8,1.5,2,DN32 (G1¼),8,0,0
CHC 4-9,CHC 4-90,CHC 4,9,2.2,3,DN32 (G1¼),9,0,0
CHC 4-10,CHC 4-100,CHC 4,10,2.2,3,DN32 (G1¼),10,0,0
CHC 4-11,CHC 4-110,CHC 4,11,2.2,3,DN32 (G1¼),11,0,0
CHC 4-12,CHC 4-120,CHC 4,12,2.2,3,DN32 (G1¼),12,0,0
CHC 4-13,CHC 4-130,CHC 4,13,3,4,DN32 (G1¼),13,0,0
CHC 4-14,CHC 4-140,CHC 4,14,3,4,DN32 (G1¼),14,0,0
CHC 4-15,CHC 4-150,CHC 4,15,3,4,DN32,15,0,0
CHC 4-16,CHC 4-160,CHC 4,16,3,4,DN32,16,0,0
CHC 4-17,CHC 4-170,CHC 4,17,4,5.5,DN32,17,0,0
CHC 4-18,CHC 4-180,CHC 4,18,4,5.5,DN32,18,0,0
CHC 4-19,CHC 4-190,CHC 4,19,4,5.5,DN32,19,0,0
CHC 4-20,CHC 4-200,CHC 4,20,4,5.5,DN32,20,0,0
CHC 4-21,CHC 4-210,CHC 4,21,4,5.5,DN32,21,0,0
CHC 4-22,CHC 4-220,CHC 4,22,4,5.5,DN32,22,0,0
CHC 5-1,CHC 5-10,CHC 5,1,0.37,0.5,DN32 (G1¼),1,0,0
CHC 5-2,CHC 5-20,CHC 5,2,0.37,0.5,DN32 (G1¼),2,0,0
CHC 5-3,CHC 5-30,CHC 5,3,0.55,0.75,DN32 (G1¼),3,0,0
CHC 5-4,CHC 5-40,CHC 5,4,0.55,0.75,DN32 (G1¼),4,0,0
CHC 5-5,CHC 5-50,CHC 5,5,0.75,1,DN32 (G1¼),5,0,0
CHC 5-6,CHC 5-60,CHC 5,6,1.1,1.5,DN32 (G1¼),6,0,0
CHC 5-7,CHC 5-70,CHC 5,7,1.1,1.5,DN32 (G1¼),7,0,0
CHC 5-8,CHC 5-80,CHC 5,8,1.1,1.5,DN32 (G1¼),8,0,0
CHC 5-9,CHC 5-90,CHC 5,9,1.5,2,DN32 (G1¼),9,0,0
CHC 5-10,CHC 5-100,CHC 5,10,1.5,2,DN32 (G1¼),10,0,0
CHC 5-11,CHC 5-110,CHC 5,11,2.2,3,DN32 (G1¼),11,0,0
CHC 5-12,CHC 5-120,CHC 5,12,2.2,3,DN32 (G1¼),12,0,0
CHC 5-13,CHC 5-130,CHC 5,13,2.2,3,DN32 (G1¼),13,0,0
CHC 5-14,CHC 5-140,CHC 5,14,2.2,3,DN32 (G1¼),14,0,0
CHC 5-15,CHC 5-150,CHC 5,15,2.2,3,DN32 (G1¼),15,0,0
CHC 5-16,CHC 5-160,CHC 5,16,2.2,3,DN32 (G1¼),16,0,0
CHC 5-17,CHC 5-170,CHC 5,17,3,4,DN32 (G1¼),17,0,0
CHC 5-18,CHC 5-180,CHC 5,18,3,4,DN32 (G1¼),18,0,0
CHC 5-19,CHC 5-190,CHC 5,19,3,4,DN32 (G1¼),19,0,0
CHC 5-20,CHC 5-200,CHC 5,20,3,4,DN32 (G1¼),20,0,0
CHC 5-21,CHC 5-210,CHC 5,21,4,5.5,DN32 (G1¼),21,0,0
CHC 5-22,CHC 5-220,CHC 5,22,4,5.5,DN32 (G1¼),22,0,0
CHC 5-23,CHC 5-230,CHC 5,23,4,5.5,DN32,23,0,0
CHC 5-24,CHC 5-240,CHC 5,24,4,5.5,DN32,24,0,0
CHC 5-25,CHC 5-250,CHC 5,25,4,5.5,DN32,25,0,0
CHC 5-26,CHC 5-260,CHC 5,26,4,5.5,DN32,26,0,0
CHC 5-27,CHC 5-270,CHC 5,27,4,5.5,DN32,27,0,0
CHC 5-28,CHC 5-280,CHC 5,28,4,5.5,DN32,28,0,0
CHC 5-29,CHC 5-290,CHC 5,29,4,5.5,DN32,29,0,0
CHC 5-30,CHC 5-300,CHC 5,30,5.5,7.5,DN32,30,0,0
CHC 5-31,CHC 5-310,CHC 5,31,5.5,7.5,DN32,31,0,0
CHC 5-32,CHC 5-320,CHC 5,32,5.5,7.5,DN32,32,0,0
CHC 5-33,CHC 5-330,CHC 5,33,5.5,7.5,DN32,33,0,0
CHC 5-34,CHC 5-340,CHC 5,34,5.5,7.5,DN32,34,0,0
CHC 5-35,CHC 5-350,CHC 5,35,5.5,7.5,DN32,35,0,0
CHC 5-36,CHC 5-360,CHC 5,36,5.5,7.5,DN32,36,0,0
CHC 8-1,CHC 8-10,CHC 8,1,0.37,0.5,DN40 (G1½),1,0,0
CHC 8-2,CHC 8-20,CHC 8,2,0.75,1,DN40 (G1½),2,0,0
CHC 8-3,CHC 8-30,CHC 8,3,1.1,1.5,DN40 (G1½),3,0,0
CHC 8-4,CHC 8-40,CHC 8,4,1.5,2,DN40 (G1½),4,0,0
CHC 8-5,CHC 8-50,CHC 8,5,2.2,3,DN40 (G1½),5,0,0
CHC 8-6,CHC 8-60,CHC 8,6,2.2,3,DN40 (G1½),6,0,0
CHC 8-7,CHC 8-70,CHC 8,7,3,4,DN40 (G1½),7,0,0
CHC 8-8,CHC 8-80,CHC 8,8,3,4,DN40 (G1½),8,0,0
CHC 8-9,CHC 8-90,CHC 8,9,3,4,DN40 (G1½),9,0,0
CHC 8-10,CHC 8-100,CHC 8,10,4,5.5,DN40 (G1½),10,0,0
CHC 8-11,CHC 8-110,CHC 8,11,4,5.5,DN40 (G1½),11,0,0
CHC 8-12,CHC 8-120,CHC 8,12,4,5.5,DN40 (G1½),12,0,0
CHC 8-13,CHC 8-130,CHC 8,13,5.5,7.5,DN40,13,0,0
CHC 8-14,CHC 8-140,CHC 8,14,5.5,7.5,DN40,14,0,0
CHC 8-15,CHC 8-150,CHC 8,15,5.5,7.5,DN40,15,0,0
CHC 8-16,CHC 8-160,CHC 8,16,5.5,7.5,DN40,16,0,0
CHC 8-17,CHC 8-170,CHC 8,17,7.5,10,DN40,17,0,0
CHC 8-18,CHC 8-180,CHC 8,18,7.5,10,DN40,18,0,0
CHC 8-19,CHC 8-190,CHC 8,19,7.5,10,DN40,19,0,0
CHC 8-20,CHC 8-200,CHC 8,20,7.5,10,DN40,20,0,0
CHC 8-21,CHC 8-210,CHC 8,21,7.5,10,DN40,21,0,0
CHC 8-22,CHC 8-220,CHC 8,22,7.5,10,DN40,22,0,0
CHC 10-1,CHC 10-10,CHC 10,1,0.37,0.5,DN40 (G1½),1,0,0
CHC 10-2,CHC 10-20,CHC 10,2,0.75,1,DN40 (G1½),2,0,0
CHC 10-3,CHC 10-30,CHC 10,3,1.1,1.5,DN40 (G1½),3,0,0
CHC 10-4,CHC 10-40,CHC 10,4,1.5,2,DN40 (G1½),4,0,0
CHC 10-5,CHC 10-50,CHC 10,5,2.2,3,DN40 (G1½),5,0,0
CHC 10-6,CHC 10-60,CHC 10,6,2.2,3,DN40 (G1½),6,0,0
CHC 10-7,CHC 10-70,CHC 10,7,3,4,DN40 (G1½),7,0,0
CHC 10-8,CHC 10-80,CHC 10,8,3,4,DN40 (G1½),8,0,0
CHC 10-9,CHC 10-90,CHC 10,9,3,4,DN40 (G1½),9,0,0
CHC 10-10,CHC 10-100,CHC 10,10,4,5.5,DN40 (G1½),10,0,0
CHC 10-11,CHC 10-110,CHC 10,11,4,5.5,DN40 (G1½),11,0,0
CHC 10-12,CHC 10-120,CHC 10,12,4,5.5,DN40 (G1½),12,0,0
CHC 10-13,CHC 10-130,CHC 10,13,5.5,7.5,DN40,13,0,0
CHC 10-14,CHC 10-140,CHC 10,14,5.5,7.5,DN40,14,0,0
CHC 10-15,CHC 10-150,CHC 10,15,5.5,7.5,DN40,15,0,0
CHC 10-16,CHC 10-160,CHC 10,16,5.5,7.5,DN40,16,0,0
CHC 10-17,CHC 10-170,CHC 10,17,7.5,10,DN40,17,0,0
CHC 10-18,CHC 10-180,CHC 10,18,7.5,10,DN40,18,0,0
CHC 10-19,CHC 10-190,CHC 10,19,7.5,10,DN40,19,0,0
CHC 10-20,CHC 10-200,CHC 10,20,7.5,10,DN40,20,0,0
CHC 10-21,CHC 10-210,CHC 10,21,7.5,10,DN40,21,0,0
CHC 10-22,CHC 10-220,CHC 10,22,7.5,10,DN40,22,0,0
CHC 12-1,CHC 12-10,CHC 12,1,1.5,2,DN50,1,0,0
CHC 12-2,CHC 12-20,CHC 12,2,1.5,2,DN50,2,0,0
CHC 12-3,CHC 12-30,CHC 12,3,2.2,3,DN50,3,0,0
CHC 12-4,CHC 12-40,CHC 12,4,3,4,DN50,4,0,0
CHC 12-5,CHC 12-50,CHC 12,5,3,4,DN50,5,0,0
CHC 12-6,CHC 12-60,CHC 12,6,4,5.5,DN50,6,0,0
CHC 12-7,CHC 12-70,CHC 12,7,5.5,7.5,DN50,7,0,0
CHC 12-8,CHC 12-80,CHC 12,8,5.5,7.5,DN50,8,0,0
CHC 12-9,CHC 12-90,CHC 12,9,5.5,7.5,DN50,9,0,0
CHC 12-10,CHC 12-100,CHC 12,10,7.5,10,DN50,10,0,0
CHC 12-11,CHC 12-110,CHC 12,11,7.5,10,DN50,11,0,0
CHC 12-12,CHC 12-120,CHC 12,12,7.5,10,DN50,12,0,0
CHC 12-13,CHC 12-130,CHC 12,13,11,15,DN50,13,0,0
CHC 12-14,CHC 12-140,CHC 12,14,11,15,DN50,14,0,0
CHC 12-15,CHC 12-150,CHC 12,15,11,15,DN50,15,0,0
CHC 12-16,CHC 12-160,CHC 12,16,11,15,DN50,16,0,0
CHC 12-17,CHC 12-170,CHC 12,17,11,15,DN50,17,0,0
CHC 12-18,CHC 12-180,CHC 12,18,11,15,DN50,18,0,0
CHC 15-1,CHC 15-10,CHC 15,1,1.1,1.5,DN50,1,0,0
CHC 15-2,CHC 15-20,CHC 15,2,2.2,3,DN50,2,0,0
CHC 15-3,CHC 15-30,CHC 15,3,3,4,DN50,3,0,0
CHC 15-4,CHC 15-40,CHC 15,4,4,5.5,DN50,4,0,0
CHC 15-5,CHC 15-50,CHC 15,5,4,5.5,DN50,5,0,0
CHC 15-6,CHC 15-60,CHC 15,6,5.5,7.5,DN50,6,0,0
CHC 15-7,CHC 15-70,CHC 15,7,5.5,7.5,DN50,7,0,0
CHC 15-8,CHC 15-80,CHC 15,8,7.5,10,DN50,8,0,0
CHC 15-9,CHC 15-90,CHC 15,9,7.5,10,DN50,9,0,0
CHC 15-10,CHC 15-100,CHC 15,10,11,15,DN50,10,0,0
CHC 15-11,CHC 15-110,CHC 15,11,11,15,DN50,11,0,0
CHC 15-12,CHC 15-120,CHC 15,12,11,15,DN50,12,0,0
CHC 15-13,CHC 15-130,CHC 15,13,11,15,DN50,13,0,0
CHC 15-14,CHC 15-140,CHC 15,14,11,15,DN50,14,0,0
CHC 15-15,CHC 15-150,CHC 15,15,15,20,DN50,15,0,0
CHC 15-16,CHC 15-160,CHC 15,16,15,20,DN50,16,0,0
CHC 15-17,CHC 15-170,CHC 15,17,15,20,DN50,17,0,0
CHC 16-1,CHC 16-10,CHC 16,1,1.1,1.5,DN50,1,0,0
CHC 16-2,CHC 16-20,CHC 16,2,2.2,3,DN50,2,0,0
CHC 16-3,CHC 16-30,CHC 16,3,3,4,DN50,3,0,0
CHC 16-4,CHC 16-40,CHC 16,4,4,5.5,DN50,4,0,0
CHC 16-5,CHC 16-50,CHC 16,5,4,5.5,DN50,5,0,0
CHC 16-6,CHC 16-60,CHC 16,6,5.5,7.5,DN50,6,0,0
CHC 16-7,CHC 16-70,CHC 16,7,5.5,7.5,DN50,7,0,0
CHC 16-8,CHC 16-80,CHC 16,8,7.5,10,DN50,8,0,0
CHC 16-9,CHC 16-90,CHC 16,9,7.5,10,DN50,9,0,0
CHC 16-10,CHC 16-100,CHC 16,10,11,15,DN50,10,0,0
CHC 16-11,CHC 16-110,CHC 16,11,11,15,DN50,11,0,0
CHC 16-12,CHC 16-120,CHC 16,12,11,15,DN50,12,0,0
CHC 16-13,CHC 16-130,CHC 16,13,11,15,DN50,13,0,0
CHC 16-14,CHC 16-140,CHC 16,14,11,15,DN50,14,0,0
CHC 16-15,CHC 16-150,CHC 16,15,15,20,DN50,15,0,0
CHC 16-16,CHC 16-160,CHC 16,16,15,20,DN50,16,0,0
CHC 16-17,CHC 16-170,CHC 16,17,15,20,DN50,17,0,0
CHC 20-1,CHC 20-10,CHC 20,1,1.1,1.5,DN50,1,0,0
CHC 20-2,CHC 20-20,CHC 20,2,2.2,3,DN50,2,0,0
CHC 20-3,CHC 20-30,CHC 20,3,4,5.5,DN50,3,0,0
CHC 20-4,CHC 20-40,CHC 20,4,5.5,7.5,DN50,4,0,0
CHC 20-5,CHC 20-50,CHC 20,5,5.5,7.5,DN50,5,0,0
CHC 20-6,CHC 20-60,CHC 20,6,7.5,10,DN50,6,0,0
CHC 20-7,CHC 20-70,CHC 20,7,7.5,10,DN50,7,0,0
CHC 20-8,CHC 20-80,CHC 20,8,11,15,DN50,8,0,0
CHC 20-9,CHC 20-90,CHC 20,9,11,15,DN50,9,0,0
CHC 20-10,CHC 20-100,CHC 20,10,11,15,DN50,10,0,0
CHC 20-11,CHC 20-110,CHC 20,11,15,20,DN50,11,0,0
CHC 20-12,CHC 20-120,CHC 20,12,15,20,DN50,12,0,0
CHC 20-13,CHC 20-130,CHC 20,13,15,20,DN50,13,0,0
CHC 20-14,CHC 20-140,CHC 20,14,15,20,DN50,14,0,0
CHC 20-15,CHC 20-150,CHC 20,15,18.5,25,DN50,15,0,0
CHC 20-16,CHC 20-160,CHC 20,16,18.5,25,DN50,16,0,0
CHC 20-17,CHC 20-170,CHC 20,17,18.5,25,DN50,17,0,0
CHC 32-1-1,CHC 32-10-1,CHC 32,1,1.5,2,DN65,0,1,0
CHC 32-1,CHC 32-10,CHC 32,1,2.2,3,DN65,1,0,0
CHC 32-2-2,CHC 32-20-2,CHC 32,2,3,4,DN65,0,2,0
CHC 32-2,CHC 32-20,CHC 32,2,4,5.5,DN65,2,0,0
CHC 32-3-2,CHC 32-30-2,CHC 32,3,4,5.5,DN65,1,2,0
CHC 32-3,CHC 32-30,CHC 32,3,5.5,7.5,DN65,3,0,0
CHC 32-4-2,CHC 32-40-2,CHC 32,4,7.5,10,DN65,2,2,0
CHC 32-4,CHC 32-40,CHC 32,4,7.5,10,DN65,4,0,0
CHC 32-5-2,CHC 32-50-2,CHC 32,5,11,15,DN65,3,2,0
CHC 32-5,CHC 32-50,CHC 32,5,11,15,DN65,5,0,0
CHC 32-6-2,CHC 32-60-2,CHC 32,6,11,15,DN65,4,2,0
CHC 32-6,CHC 32-60,CHC 32,6,11,15,DN65,6,0,0
CHC 32-7-2,CHC 32-70-2,CHC 32,7,15,20,DN65,5,2,0
CHC 32-7,CHC 32-70,CHC 32,7,15,20,DN65,7,0,0
CHC 32-8-2,CHC 32-80-2,CHC 32,8,15,20,DN65,6,2,0
CHC 32-8,CHC 32-80,CHC 32,8,15,20,DN65,8,0,0
CHC 32-9-2,CHC 32-90-2,CHC 32,9,18.5,25,DN65,7,2,0
CHC 32-9,CHC 32-90,CHC 32,9,18.5,25,DN65,9,0,0
CHC 32-10-2,CHC 32-100-2,CHC 32,10,18.5,25,DN65,8,2,0
CHC 32-10,CHC 32-100,CHC 32,10,18.5,25,DN65,10,0,0
CHC 32-11-2,CHC 32-110-2,CHC 32,11,22,30,DN65,9,2,0
CHC 32-11,CHC 32-110,CHC 32,11,22,30,DN65,11,0,0
CHC 32-12-2,CHC 32-120-2,CHC 32,12,22,30,DN65,10,2,0
CHC 32-12,CHC 32-120,CHC 32,12,22,30,DN65,12,0,0
CHC 32-13-2,CHC 32-130-2,CHC 32,13,30,40,DN65,11,2,0
CHC 32-13,CHC 32-130,CHC 32,13,30,40,DN65,13,0,0
CHC 32-14-2,CHC 32-140-2,CHC 32,14,30,40,DN65,12,2,0
CHC 32-14,CHC 32-140,CHC 32,14,30,40,DN65,14,0,0
CHC 45-1-1,CHC 45-10-1,CHC 45,1,3,4,DN80,0,1,0
CHC 45-1,CHC 45-10,CHC 45,1,4,5.5,DN80,1,0,0
CHC 45-2-2,CHC 45-20-2,CHC 45,2,5.5,7.5,DN80,0,2,0
CHC 45-2,CHC 45-20,CHC 45,2,7.5,10,DN80,2,0,0
CHC 45-3-2,CHC 45-30-2,CHC 45,3,11,15,DN80,1,2,0
CHC 45-3,CHC 45-30,CHC 45,3,11,15,DN80,3,0,0
CHC 45-4-2,CHC 45-40-2,CHC 45,4,15,20,DN80,2,2,0
CHC 45-4,CHC 45-40,CHC 45,4,15,20,DN80,4,0,0
CHC 45-5-2,CHC 45-50-2,CHC 45,5,18.5,25,DN80,3,2,0
CHC 45-5,CHC 45-50,CHC 45,5,18.5,25,DN80,5,0,0
CHC 45-6-2,CHC 45-60-2,CHC 45,6,22,30,DN80,4,2,0
CHC 45-6,CHC 45-60,CHC 45,6,22,30,DN80,6,0,0
CHC 45-7-2,CHC 45-70-2,CHC 45,7,30,40,DN80,5,2,0
CHC 45-7,CHC 45-70,CHC 45,7,30,40,DN80,7,0,0
CHC 45-8-2,CHC 45-80-2,CHC 45,8,30,40,DN80,6,2,0
CHC 45-8,CHC 45-80,CHC 45,8,30,40,DN80,8,0,0
CHC 45-9-2,CHC 45-90-2,CHC 45,9,30,40,DN80,7,2,0
CHC 45-9,CHC 45-90,CHC 45,9,37,50,DN80,9,0,0
CHC 45-10-2,CHC 45-100-2,CHC 45,10,37,50,DN80,8,2,0
CHC 45-10,CHC 45-100,CHC 45,10,37,50,DN80,10,0,0
CHC 45-11-2,CHC 45-110-2,CHC 45,11,45,60,DN80,9,2,0
CHC 45-11,CHC 45-110,CHC 45,11,45,60,DN80,11,0,0
CHC 45-12-2,CHC 45-120-2,CHC 45,12,45,60,DN80,10,2,0
CHC 45-12,CHC 45-120,CHC 45,12,45,60,DN80,12,0,0
CHC 45-13-2,CHC 45-130-2,CHC 45,13,45,60,DN80,11,2,0
CHC 64-1-1,CHC 64-10-1,CHC 64,1,4,5.5,DN100,0,1,0
CHC 64-1,CHC 64-10,CHC 64,1,5.5,7.5,DN100,1,0,0
CHC 64-2-2,CHC 64-20-2,CHC 64,2,7.5,10,DN100,0,2,0
CHC 64-2-1,CHC 64-20-1,CHC 64,2,11,15,DN100,1,1,0
CHC 64-2,CHC 64-20,CHC 64,2,11,15,DN100,2,0,0
CHC 64-3-2,CHC 64-30-2,CHC 64,3,15,20,DN100,1,2,0
CHC 64-3-1,CHC 64-30-1,CHC 64,3,15,20,DN100,2,1,0
CHC 64-3,CHC 64-30,CHC 64,3,18.5,25,DN100,3,0,0
CHC 64-4-2,CHC 64-40-2,CHC 64,4,18.5,25,DN100,2,2,0
CHC 64-4-1,CHC 64-40-1,CHC 64,4,22,30,DN100,3,1,0
CHC 64-4,CHC 64-40,CHC 64,4,22,30,DN100,4,0,0
CHC 64-5-2,CHC 64-50-2,CHC 64,5,30,40,DN100,3,2,0
CHC 64-5-1,CHC 64-50-1,CHC 64,5,30,40,DN100,4,1,0
CHC 64-5,CHC 64-50,CHC 64,5,30,40,DN100,5,0,0
CHC 64-6-2,CHC 64-60-2,CHC 64,6,30,40,DN100,4,2,0
CHC 64-6-1,CHC 64-60-1,CHC 64,6,37,50,DN100,5,1,0
CHC 64-6,CHC 64-60,CHC 64,6,37,50,DN100,6,0,0
CHC 64-7-2,CHC 64-70-2,CHC 64,7,37,50,DN100,5,2,0
CHC 64-7-1,CHC 64-70-1,CHC 64,7,37,50,DN100,6,1,0
CHC 64-7,CHC 64-70,CHC 64,7,45,60,DN100,7,0,0
CHC 64-8-2,CHC 64-80-2,CHC 64,8,45,60,DN100,6,2,0
CHC 64-8-1,CHC 64-80-1,CHC 64,8,45,60,DN100,7,1,0
CHC 90-1-1,CHC 90-10-1,CHC 90,1,5.5,7.5,DN100,0,1,0
CHC 90-1,CHC 90-10,CHC 90,1,7.5,10,DN100,1,0,0
CHC 90-2-2,CHC 90-20-2,CHC 90,2,11,15,DN100,0,2,0
CHC 90-2,CHC 90-20,CHC 90,2,15,20,DN100,2,0,0
CHC 90-3-2,CHC 90-30-2,CHC 90,3,18.5,25,DN100,1,2,0
CHC 90-3,CHC 90-30,CHC 90,3,22,30,DN100,3,0,0
CHC 90-4-2,CHC 90-40-2,CHC 90,4,30,40,DN100,2,2,0
CHC 90-4,CHC 90-40,CHC 90,4,30,40,DN100,4,0,0
CHC 90-5-2,CHC 90-50-2,CHC 90,5,37,50,DN100,3,2,0
CHC 90-5,CHC 90-50,CHC 90,5,37,50,DN100,5,0,0
CHC 90-6-2,CHC 90-60-2,CHC 90,6,45,60,DN100,4,2,0
CHC 90-6,CHC 90-60,CHC 90,6,45,60,DN100,6,0,0
CHC 120-1,CHC 120-10,CHC 120,1,11,15,DN125,1,0,0
CHC 120-2-2,CHC 120-20-2,CHC 120,2,18.5,25,DN125,0,2,0
CHC 120-2-1,CHC 120-20-1,CHC 120,2,18.5,25,DN125,1,1,0
CHC 120-2,CHC 120-20,CHC 120,2,22,30,DN125,2,0,0
CHC 120-3-2,CHC 120-30-2,CHC 120,3,30,40,DN125,1,2,0
CHC 120-3-1,CHC 120-30-1,CHC 120,3,30,40,DN125,2,1,0
CHC 120-3,CHC 120-30,CHC 120,3,30,40,DN125,3,0,0
CHC 120-4-2,CHC 120-40-2,CHC 120,4,37,50,DN125,2,2,0
CHC 120-4-1,CHC 120-40-1,CHC 120,4,37,50,DN125,3,1,0
CHC 120-4,CHC 120-40,CHC 120,4,45,60,DN125,4,0,0
CHC 120-5-2,CHC 120-50-2,CHC 120,5,45,60,DN125,3,2,0
CHC 120-5-1,CHC 120-50-1,CHC 120,5,45,60,DN125,4,1,0
CHC 120-5,CHC 120-50,CHC 120,5,55,75,DN125,5,0,0
CHC 120-6-2,CHC 120-60-2,CHC 120,6,55,75,DN125,4,2,0
CHC 120-6-1,CHC 120-60-1,CHC 120,6,55,75,DN125,5,1,0
CHC 120-6,CHC 120-60,CHC 120,6,75,100,DN125,6,0,0
CHC 120-7-2,CHC 120-70-2,CHC 120,7,75,100,DN125,5,2,0
CHC 120-7-1,CHC 120-70-1,CHC 120,7,75,100,DN125,6,1,0
CHC 120-7,CHC 120-70,CHC 120,7,75,100,DN125,7,0,0
CHC 150-1-1,CHC 150-10-1,CHC 150,1,11,15,DN125,0,1,0
CHC 150-1,CHC 150-10,CHC 150,1,15,20,DN125,1,0,0
CHC 150-2-2,CHC 150-20-2,CHC 150,2,22,30,DN125,0,2,0
CHC 150-2-1,CHC 150-20-1,CHC 150,2,22,30,DN125,1,1,0
CHC 150-2,CHC 150-20,CHC 150,2,30,40,DN125,2,0,0
CHC 150-3-2,CHC 150-30-2,CHC 150,3,30,40,DN125,1,2,0
CHC 150-3-1,CHC 150-30-1,CHC 150,3,37,50,DN125,2,1,0
CHC 150-3,CHC 150-30,CHC 150,3,37,50,DN125,3,0,0
CHC 150-4-2,CHC 150-40-2,CHC 150,4,45,60,DN125,2,2,0
CHC 150-4-1,CHC 150-40-1,CHC 150,4,45,60,DN125,3,1,0
CHC 150-4,CHC 150-40,CHC 150,4,55,75,DN125,4,0,0
CHC 150-5-2,CHC 150-50-2,CHC 150,5,55,75,DN125,3,2,0
CHC 150-5-1,CHC 150-50-1,CHC 150,5,75,100,DN125,4,1,0
CHC 150-5,CHC 150-50,CHC 150,5,75,100,DN125,5,0,0
CHC 150-6-2,CHC 150-60-2,CHC 150,6,75,100,DN125,4,2,0
CHC 150-6-1,CHC 150-60-1,CHC 150,6,75,100,DN125,5,1,0
CHC 150-6,CHC 150-60,CHC 150,6,75,100,DN125,6,0,0
CHC 200-1-0-1,CHC 200-10-0-1,CHC 200,1,18.5,25,DN150,0,0,1
CHC 200-1-1,CHC 200-10-1,CHC 200,1,22,30,DN150,0,1,0
CHC 200-1,CHC 200-10,CHC 200,1,30,40,DN150,1,0,0
CHC 200-2-0-2,CHC 200-20-0-2,CHC 200,2,37,50,DN150,0,0,2
CHC 200-2-2,CHC 200-20-2,CHC 200,2,45,60,DN150,0,2,0
CHC 200-2-1,CHC 200-20-1,CHC 200,2,55,75,DN150,1,1,0
CHC 200-2,CHC 200-20,CHC 200,2,55,75,DN150,2,0,0
CHC 200-3-0-2,CHC 200-30-0-2,CHC 200,3,75,100,DN150,1,0,2
CHC 200-3-1-1,CHC 200-30-1-1,CHC 200,3,75,100,DN150,1,1,1
CHC 200-3-2,CHC 200-30-2,CHC 200,3,75,100,DN150,1,2,0
CHC 200-3-0-1,CHC 200-30-0-1,CHC 200,3,75,100,DN150,2,0,1
CHC 200-3-1,CHC 200-30-1,CHC 200,3,75,100,DN150,2,1,0
CHC 200-3,CHC 200-30,CHC 200,3,90,125,DN150,3,0,0
CHC 200-4-0-2,CHC 200-40-0-2,CHC 200,4,90,125,DN150,2,0,2
CHC 200-4-2,CHC 200-40-2,CHC 200,4,110,150,DN150,2,2,0
CHC 200-4-1,CHC 200-40-1,CHC 200,4,110,150,DN150,3,1,0
CHC 200-4,CHC 200-40,CHC 200,4,110,150,DN150,4,0,0
