source_sheet,workbook_row,hp,pole,efficiency,model,model_prefix,description,rpm,amp415_3ph,amp240_1ph,eff100,eff75,pf100,pf75,kg,frame
2Pole IE4,3,0.5,2,IE4,4BM0.5-2,4BM,0.5HP 2Pole IE4 Motor (415V / 3Ph / 50Hz),2765.0,0.8200000000000001,2.5,76.5,,0.81,,7.3,71-2
2Pole IE4,4,0.75,2,IE4,4BM0.75-2,4BM,0.75HP 2Pole IE4 Motor (415V / 3Ph / 50Hz),2765.0,1.15,3.5,79.9,,0.82,,8.5,71-2
2Pole IE4,5,1.0,2,IE4,4BM1-2,4BM,1HP 2Pole IE4 Motor (415V / 3Ph / 50Hz),2875.0,1.49,4.5,83.5,,0.83,,18.0,80-2
2Pole IE4,6,1.5,2,IE4,4BM1.5-2,4BM,1.5HP 2Pole IE4 Motor (415V / 3Ph / 50Hz),2885.0,2.13,6.3999999999999995,85.2,,0.83,,19.0,80-2
2Pole IE4,7,2.0,2,IE4,4BM2-2,4BM,2HP 2Pole IE4 Motor (415V / 3Ph / 50Hz),2890.0,2.8099999999999996,8.5,86.5,,0.85,,26.0,90S-2
2Pole IE4,8,3.0,2,IE4,4BM3-2,4BM,3HP 2Pole IE4 Motor (415V / 3Ph / 50Hz),2895.0,4.0,12.0,88.0,,0.86,,30.0,90L-2
2Pole IE4,9,4.0,2,IE4,4BM4-2,4BM,4HP 2Pole IE4 Motor (415V / 3Ph / 50Hz),2900.0,5.35,16.1,89.1,,0.87,,38.0,100L-2
2Pole IE4,10,5.5,2,IE4,4BM5.5-2,4BM,5.5HP 2Pole IE4 Motor (415V / 3Ph / 50Hz),2915.0,7.0,21.0,90.0,,0.88,,51.0,112M-2
2Pole IE4,11,7.5,2,IE4,4BM7.5-2,4BM,7.5HP 2Pole IE4 Motor (415V / 3Ph / 50Hz),2925.0,9.44,28.3,90.9,,0.88,,73.0,132S-2
2Pole IE4,12,10.0,2,IE4,4BM10-2,4BM,10HP 2Pole IE4 Motor (415V / 3Ph / 50Hz),2925.0,12.799999999999999,38.4,91.7,,0.89,,80.0,132S-2
2Pole IE4,13,15.0,2,IE4,4BM15-2,4BM,15HP 2Pole IE4 Motor (415V / 3Ph / 50Hz),2940.0,18.5,55.5,92.6,,0.89,,132.0,160M-2
2Pole IE4,14,20.0,2,IE4,4BM20-2,4BM,20HP 2Pole IE4 Motor (415V / 3Ph / 50Hz),2940.0,25.1,75.19999999999999,93.3,,0.89,,140.0,160M-2
2Pole IE4,15,25.0,2,IE4,4BM25-2,4BM,25HP 2Pole IE4 Motor (415V / 3Ph / 50Hz),2940.0,30.8,92.3,93.7,,0.89,,155.0,160L-2
2Pole IE4,16,30.0,2,IE4,4BM30-2,4BM,30HP 2Pole IE4 Motor (415V / 3Ph / 50Hz),2945.0,36.5,109.39999999999999,94.0,,0.89,,195.0,180M-2
2Pole IE4,17,40.0,2,IE4,4BM40-2,4BM,40HP 2Pole IE4 Motor (415V / 3Ph / 50Hz),2970.0,49.7,148.9,94.5,,0.89,,256.0,200L-2
2Pole IE4,18,50.0,2,IE4,4BM50-2,4BM,50HP 2Pole IE4 Motor (415V / 3Ph / 50Hz),2970.0,61.0,182.7,94.8,,0.89,,285.0,200L-2
2Pole IE4,19,60.0,2,IE4,4BM60-2,4BM,60HP 2Pole IE4 Motor (415V / 3Ph / 50Hz),2970.0,74.0,221.7,95.0,,0.89,,345.0,225M-2
2Pole IE4,20,75.0,2,IE4,4BM75-2,4BM,75HP 2Pole IE4 Motor (415V / 3Ph / 50Hz),2970.0,90.19999999999999,270.20000000000005,95.3,,0.89,,450.0,250M-2
2Pole IE4,21,100.0,2,IE4,4BM100-2,4BM,100HP 2Pole IE4 Motor (415V / 3Ph / 50Hz),2980.0,123.0,368.40000000000003,95.6,,0.89,,588.0,280S-2
2Pole IE4,22,125.0,2,IE4,4BM125-2,4BM,125HP 2Pole IE4 Motor (415V / 3Ph / 50Hz),2980.0,147.0,440.3,95.8,,0.89,,660.0,280M-2
2Pole IE4,23,150.0,2,IE4,4BM150-2,4BM,150HP 2Pole IE4 Motor (415V / 3Ph / 50Hz),2985.0,180.0,539.2,96.0,,0.89,,960.0,315S-2
2Pole IE4,24,175.0,2,IE4,4BM175-2,4BM,175HP 2Pole IE4 Motor (415V / 3Ph / 50Hz),2985.0,216.0,647.0,96.2,,0.89,,1060.0,315M-2
2Pole IE4,25,215.0,2,IE4,4BM215-2,4BM,215HP 2Pole IE4 Motor (415V / 3Ph / 50Hz),2985.0,261.0,781.7,96.3,,0.89,,1185.0,315L-2
2Pole IE4,26,250.0,2,IE4,4BM250-2,4BM,250HP 2Pole IE4 Motor (415V / 3Ph / 50Hz),2985.0,301.0,901.5,96.5,,0.89,,1320.0,315L-2
2Pole IE4,27,270.0,2,IE4,4BM270-2,4BM,270HP 2Pole IE4 Motor (415V / 3Ph / 50Hz),2985.0,326.0,976.4,96.5,,0.89,,1320.0,315L-2
2Pole IE4,28,300.0,2,IE4,4BM300-2,4BM,300HP 2Pole IE4 Motor (415V / 3Ph / 50Hz),2990.0,349.0,1045.3,96.5,,0.91,,1870.0,355M-2
2Pole IE4,29,335.0,2,IE4,4BM335-2,4BM,335HP 2Pole IE4 Motor (415V / 3Ph / 50Hz),2990.0,397.0,1189.1,96.5,,0.91,,1950.0,355M-2
2Pole IE4,30,375.0,2,IE4,4BM375-2,4BM,375HP 2Pole IE4 Motor (415V / 3Ph / 50Hz),2990.0,444.0,1329.8,96.5,,0.91,,2080.0,355L-2
2Pole IE4,31,420.0,2,IE4,4BM420-2,4BM,420HP 2Pole IE4 Motor (415V / 3Ph / 50Hz),2990.0,500.0,1497.6,96.5,,0.91,,2100.0,355L-2
2Pole IE4,32,475.0,2,IE4,4BM475-2,4BM,475HP 2Pole IE4 Motor (415V / 3Ph / 50Hz),2990.0,562.0,1683.1999999999998,96.5,,0.91,,2220.0,355-2
2Pole IE4,33,500.0,2,IE4,4BM500-2,4BM,500HP 2Pole IE4 Motor (415V / 3Ph / 50Hz),2990.0,600.0,1797.1,96.5,,0.9,,2310.0,355-2
4Pole IE4,3,0.5,4,IE4,4BM0.5-4,4BM,0.5HP 4Pole IE4 Motor (415V / 3Ph / 50Hz),1355.0,0.85,2.6,81.1,,0.74,,8.2,71-4
4Pole IE4,4,0.75,4,IE4,4BM0.75-4,4BM,0.75HP 4Pole IE4 Motor (415V / 3Ph / 50Hz),1425.0,1.24,3.8000000000000003,83.9,,0.74,,18.0,80-4
4Pole IE4,5,1.0,4,IE4,4BM1-4,4BM,1HP 4Pole IE4 Motor (415V / 3Ph / 50Hz),1425.0,1.65,5.0,85.7,,0.74,,20.0,80-4
4Pole IE4,6,1.5,4,IE4,4BM1.5-4,4BM,1.5HP 4Pole IE4 Motor (415V / 3Ph / 50Hz),1430.0,2.34,7.1,87.5,,0.75,,25.0,90S-4
4Pole IE4,7,2.0,4,IE4,4BM2-4,4BM,2HP 4Pole IE4 Motor (415V / 3Ph / 50Hz),1430.0,3.0399999999999996,9.2,88.2,,0.78,,30.0,90L-4
4Pole IE4,8,3.0,4,IE4,4BM3-4,4BM,3HP 4Pole IE4 Motor (415V / 3Ph / 50Hz),1435.0,4.319999999999999,13.0,89.5,,0.79,,38.0,100L-4
4Pole IE4,9,4.0,4,IE4,4BM4-4,4BM,4HP 4Pole IE4 Motor (415V / 3Ph / 50Hz),1440.0,5.779999999999999,17.400000000000002,90.4,,0.8,,42.0,100L-4
4Pole IE4,10,5.5,4,IE4,4BM5.5-4,4BM,5.5HP 4Pole IE4 Motor (415V / 3Ph / 50Hz),1450.0,7.6499999999999995,23.0,91.1,,0.8,,55.0,112M-4
4Pole IE4,11,7.5,4,IE4,4BM7.5-4,4BM,7.5HP 4Pole IE4 Motor (415V / 3Ph / 50Hz),1460.0,10.4,31.200000000000003,91.9,,0.8,,77.0,132S-4
4Pole IE4,12,10.0,4,IE4,4BM10-4,4BM,10HP 4Pole IE4 Motor (415V / 3Ph / 50Hz),1460.0,14.0,42.0,92.6,,0.81,,82.0,132M-4
4Pole IE4,13,15.0,4,IE4,4BM15-4,4BM,15HP 4Pole IE4 Motor (415V / 3Ph / 50Hz),1470.0,19.700000000000003,59.1,93.3,,0.83,,136.0,160M-4
4Pole IE4,14,20.0,4,IE4,4BM20-4,4BM,20HP 4Pole IE4 Motor (415V / 3Ph / 50Hz),1470.0,26.400000000000002,79.1,93.9,,0.84,,155.0,160L-4
4Pole IE4,15,25.0,4,IE4,4BM25-4,4BM,25HP 4Pole IE4 Motor (415V / 3Ph / 50Hz),1475.0,32.2,96.5,94.2,,0.85,,190.0,180M-4
4Pole IE4,16,30.0,4,IE4,4BM30-4,4BM,30HP 4Pole IE4 Motor (415V / 3Ph / 50Hz),1475.0,38.0,113.89999999999999,94.5,,0.85,,210.0,180L-4
4Pole IE4,17,40.0,4,IE4,4BM40-4,4BM,40HP 4Pole IE4 Motor (415V / 3Ph / 50Hz),1475.0,51.7,154.9,94.9,,0.85,,285.0,200L-4
4Pole IE4,18,50.0,4,IE4,4BM50-4,4BM,50HP 4Pole IE4 Motor (415V / 3Ph / 50Hz),1480.0,63.6,190.5,95.2,,0.85,,350.0,225S-4
4Pole IE4,19,60.0,4,IE4,4BM60-4,4BM,60HP 4Pole IE4 Motor (415V / 3Ph / 50Hz),1480.0,77.1,231.0,95.4,,0.85,,385.0,225M-4
4Pole IE4,20,75.0,4,IE4,4BM75-4,4BM,75HP 4Pole IE4 Motor (415V / 3Ph / 50Hz),1480.0,92.5,277.1,95.7,,0.86,,510.0,250M-4
4Pole IE4,21,100.0,4,IE4,4BM100-4,4BM,100HP 4Pole IE4 Motor (415V / 3Ph / 50Hz),1485.0,125.0,374.40000000000003,96.0,,0.87,,631.0,280S-4
4Pole IE4,22,125.0,4,IE4,4BM125-4,4BM,125HP 4Pole IE4 Motor (415V / 3Ph / 50Hz),1485.0,149.0,446.3,96.1,,0.88,,716.0,280M-4
4Pole IE4,23,150.0,4,IE4,4BM150-4,4BM,150HP 4Pole IE4 Motor (415V / 3Ph / 50Hz),1490.0,179.0,536.2,96.3,,0.89,,1010.0,315S-4
4Pole IE4,24,175.0,4,IE4,4BM175-4,4BM,175HP 4Pole IE4 Motor (415V / 3Ph / 50Hz),1490.0,215.0,644.0,96.4,,0.89,,1080.0,315M-4
4Pole IE4,25,215.0,4,IE4,4BM215-4,4BM,215HP 4Pole IE4 Motor (415V / 3Ph / 50Hz),1490.0,257.0,769.8000000000001,96.6,,0.9,,1160.0,315L-4
4Pole IE4,26,250.0,4,IE4,4BM250-4,4BM,250HP 4Pole IE4 Motor (415V / 3Ph / 50Hz),1490.0,296.0,886.6,96.7,,0.9,,1275.0,315L-4
4Pole IE4,27,270.0,4,IE4,4BM270-4,4BM,270HP 4Pole IE4 Motor (415V / 3Ph / 50Hz),1490.0,320.0,958.5,96.7,,0.9,,1275.0,315L-4
4Pole IE4,28,300.0,4,IE4,4BM300-4,4BM,300HP 4Pole IE4 Motor (415V / 3Ph / 50Hz),1495.0,352.0,1054.3,96.7,,0.9,,1850.0,355M-4
4Pole IE4,29,335.0,4,IE4,4BM335-4,4BM,335HP 4Pole IE4 Motor (415V / 3Ph / 50Hz),1495.0,400.0,1198.1,96.7,,0.9,,1850.0,355M-4
4Pole IE4,30,375.0,4,IE4,4BM375-4,4BM,375HP 4Pole IE4 Motor (415V / 3Ph / 50Hz),1495.0,447.0,1338.8,96.7,,0.9,,2040.0,355L-4
4Pole IE4,31,420.0,4,IE4,4BM420-4,4BM,420HP 4Pole IE4 Motor (415V / 3Ph / 50Hz),1495.0,503.0,1506.5,96.7,,0.9,,2040.0,355L-4
4Pole IE4,32,475.0,4,IE4,4BM475-4,4BM,475HP 4Pole IE4 Motor (415V / 3Ph / 50Hz),1495.0,567.0,1698.1999999999998,96.7,,0.9,,2100.0,355-4
4Pole IE4,33,500.0,4,IE4,4BM500-4,4BM,500HP 4Pole IE4 Motor (415V / 3Ph / 50Hz),1495.0,613.0,1836.0,96.7,,0.88,,2280.0,355-4
2Pole IE5,3,1.0,2,IE5,5BM1-2,5BM,1HP 2Pole IE5 Motor (415V / 3Ph / 50Hz),2855.0,1.47,4.5,86.3,,0.83,,43.0,80-2
2Pole IE5,4,1.5,2,IE5,5BM1.5-2,5BM,1.5HP 2Pole IE5 Motor (415V / 3Ph / 50Hz),2857.0,2.11,6.3999999999999995,87.8,,0.83,,46.0,80-2
2Pole IE5,5,2.0,2,IE5,5BM2-2,5BM,2HP 2Pole IE5 Motor (415V / 3Ph / 50Hz),2871.0,2.75,8.299999999999999,88.9,,0.85,,50.0,90S-2
2Pole IE5,6,3.0,2,IE5,5BM3-2,5BM,3HP 2Pole IE5 Motor (415V / 3Ph / 50Hz),2873.0,3.94,11.9,90.2,,0.86,,60.0,90L-2
2Pole IE5,7,4.0,2,IE5,5BM4-2,5BM,4HP 2Pole IE5 Motor (415V / 3Ph / 50Hz),2903.0,5.319999999999999,16.0,91.1,,0.87,,68.0,100L-2
2Pole IE5,8,5.5,2,IE5,5BM5.5-2,5BM,5.5HP 2Pole IE5 Motor (415V / 3Ph / 50Hz),2919.0,6.87,20.6,91.8,,0.88,,89.0,112M-2
2Pole IE5,9,7.5,2,IE5,5BM7.5-2,5BM,7.5HP 2Pole IE5 Motor (415V / 3Ph / 50Hz),2927.0,9.44,28.3,92.6,,0.88,,118.0,132S-2
2Pole IE5,10,10.0,2,IE5,5BM10-2,5BM,10HP 2Pole IE5 Motor (415V / 3Ph / 50Hz),2930.0,12.6,37.800000000000004,93.3,,0.89,,125.0,132S-2
2Pole IE5,11,15.0,2,IE5,5BM15-2,5BM,15HP 2Pole IE5 Motor (415V / 3Ph / 50Hz),2950.0,18.400000000000002,55.2,94.0,,0.89,,200.0,160M-2
2Pole IE5,12,20.0,2,IE5,5BM20-2,5BM,20HP 2Pole IE5 Motor (415V / 3Ph / 50Hz),2959.0,24.900000000000002,74.6,94.5,,0.89,,223.0,160M-2
2Pole IE5,13,25.0,2,IE5,5BM25-2,5BM,25HP 2Pole IE5 Motor (415V / 3Ph / 50Hz),2960.0,30.5,91.39999999999999,94.9,,0.89,,225.0,160L-2
2Pole IE5,14,30.0,2,IE5,5BM30-2,5BM,30HP 2Pole IE5 Motor (415V / 3Ph / 50Hz),2965.0,36.2,108.5,95.1,,0.89,,230.0,180M-2
2Pole IE5,15,40.0,2,IE5,5BM40-2,5BM,40HP 2Pole IE5 Motor (415V / 3Ph / 50Hz),2974.0,49.1,147.1,95.5,,0.89,,375.0,200L-2
2Pole IE5,16,50.0,2,IE5,5BM50-2,5BM,50HP 2Pole IE5 Motor (415V / 3Ph / 50Hz),2974.0,60.4,180.9,95.8,,0.89,,385.0,200L-2
2Pole IE5,17,60.0,2,IE5,5BM60-2,5BM,60HP 2Pole IE5 Motor (415V / 3Ph / 50Hz),2979.0,73.3,219.6,96.0,,0.89,,510.0,225M-2
2Pole IE5,18,75.0,2,IE5,5BM75-2,5BM,75HP 2Pole IE5 Motor (415V / 3Ph / 50Hz),2979.0,89.39999999999999,267.8,96.2,,0.89,,650.0,250M-2
2Pole IE5,19,100.0,2,IE5,5BM100-2,5BM,100HP 2Pole IE5 Motor (415V / 3Ph / 50Hz),2982.0,122.0,365.40000000000003,96.5,,0.89,,968.0,280S-2
2Pole IE5,20,125.0,2,IE5,5BM125-2,5BM,125HP 2Pole IE5 Motor (415V / 3Ph / 50Hz),2983.0,146.0,437.3,96.6,,0.89,,1003.0,280M-2
2Pole IE5,21,150.0,2,IE5,5BM150-2,5BM,150HP 2Pole IE5 Motor (415V / 3Ph / 50Hz),2987.0,178.0,533.2,96.8,,0.89,,1031.0,315S-2
2Pole IE5,22,175.0,2,IE5,5BM175-2,5BM,175HP 2Pole IE5 Motor (415V / 3Ph / 50Hz),2989.0,213.0,638.0,96.9,,0.89,,1071.0,315M-2
2Pole IE5,23,215.0,2,IE5,5BM215-2,5BM,215HP 2Pole IE5 Motor (415V / 3Ph / 50Hz),2992.0,258.0,772.8000000000001,97.0,,0.89,,1170.0,315L-2
2Pole IE5,24,270.0,2,IE5,5BM270-2,5BM,270HP 2Pole IE5 Motor (415V / 3Ph / 50Hz),2993.0,322.0,964.4,97.5,,0.89,,1369.0,315L-2
2Pole IE5,25,300.0,2,IE5,5BM300-2,5BM,300HP 2Pole IE5 Motor (415V / 3Ph / 50Hz),2993.0,354.0,1060.3,97.2,,0.89,,1925.0,355M-2
2Pole IE5,26,335.0,2,IE5,5BM335-2,5BM,335HP 2Pole IE5 Motor (415V / 3Ph / 50Hz),2993.0,394.0,1180.1,97.2,,0.91,,1925.0,355M-2
2Pole IE5,27,375.0,2,IE5,5BM375-2,5BM,375HP 2Pole IE5 Motor (415V / 3Ph / 50Hz),2993.0,441.0,1320.8,97.2,,0.91,,2125.0,355L-2
2Pole IE5,28,420.0,2,IE5,5BM420-2,5BM,420HP 2Pole IE5 Motor (415V / 3Ph / 50Hz),2995.0,496.0,1485.6,97.2,,0.91,,2140.0,355L-2
4Pole IE5,3,0.75,4,IE5,5BM0.75-4,5BM,0.75HP 4Pole IE5 Motor (415V / 3Ph / 50Hz),1425.0,1.2,3.6,86.7,,0.74,,43.0,80-4
4Pole IE5,4,1.0,4,IE5,5BM1-4,5BM,1HP 4Pole IE5 Motor (415V / 3Ph / 50Hz),1430.0,1.56,4.699999999999999,88.2,,0.74,,46.0,80-4
4Pole IE5,5,1.5,4,IE5,5BM1.5-4,5BM,1.5HP 4Pole IE5 Motor (415V / 3Ph / 50Hz),1434.0,2.2899999999999996,6.8999999999999995,89.5,,0.75,,55.0,90S-4
4Pole IE5,6,2.0,4,IE5,5BM2-4,5BM,2HP 4Pole IE5 Motor (415V / 3Ph / 50Hz),1436.0,2.94,8.9,90.4,,0.78,,62.0,90L-4
4Pole IE5,7,3.0,4,IE5,5BM3-4,5BM,3HP 4Pole IE5 Motor (415V / 3Ph / 50Hz),1453.0,4.22,12.7,91.4,,0.79,,65.0,100L-4
4Pole IE5,8,4.0,4,IE5,5BM4-4,5BM,4HP 4Pole IE5 Motor (415V / 3Ph / 50Hz),1447.0,5.68,17.1,92.1,,0.8,,68.0,100L-4
4Pole IE5,9,5.5,4,IE5,5BM5.5-4,5BM,5.5HP 4Pole IE5 Motor (415V / 3Ph / 50Hz),1462.0,7.51,22.5,92.8,,0.8,,93.0,112M-4
4Pole IE5,10,7.5,4,IE5,5BM7.5-4,5BM,7.5HP 4Pole IE5 Motor (415V / 3Ph / 50Hz),1469.0,10.299999999999999,30.900000000000002,93.4,,0.8,,127.0,132S-4
4Pole IE5,11,10.0,4,IE5,5BM10-4,5BM,10HP 4Pole IE5 Motor (415V / 3Ph / 50Hz),1471.0,13.799999999999999,41.4,94.0,,0.81,,143.0,132M-4
4Pole IE5,12,15.0,4,IE5,5BM15-4,5BM,15HP 4Pole IE5 Motor (415V / 3Ph / 50Hz),1479.0,19.6,58.800000000000004,94.6,,0.83,,200.0,160M-4
4Pole IE5,13,20.0,4,IE5,5BM20-4,5BM,20HP 4Pole IE5 Motor (415V / 3Ph / 50Hz),1481.0,26.1,78.19999999999999,95.1,,0.84,,240.0,160L-4
4Pole IE5,14,25.0,4,IE5,5BM25-4,5BM,25HP 4Pole IE5 Motor (415V / 3Ph / 50Hz),1481.0,31.8,95.3,95.3,,0.85,,245.0,180M-4
4Pole IE5,15,30.0,4,IE5,5BM30-4,5BM,30HP 4Pole IE5 Motor (415V / 3Ph / 50Hz),1482.0,37.800000000000004,113.3,95.5,,0.85,,274.0,180L-4
4Pole IE5,16,40.0,4,IE5,5BM40-4,5BM,40HP 4Pole IE5 Motor (415V / 3Ph / 50Hz),1485.0,51.2,153.4,95.9,,0.85,,378.0,200L-4
4Pole IE5,17,50.0,4,IE5,5BM50-4,5BM,50HP 4Pole IE5 Motor (415V / 3Ph / 50Hz),1490.0,63.0,188.7,96.1,,0.85,,515.0,225S-4
4Pole IE5,18,60.0,4,IE5,5BM60-4,5BM,60HP 4Pole IE5 Motor (415V / 3Ph / 50Hz),1490.0,76.5,229.2,96.3,,0.85,,545.0,225M-4
4Pole IE5,19,75.0,4,IE5,5BM75-4,5BM,75HP 4Pole IE5 Motor (415V / 3Ph / 50Hz),1490.0,92.3,276.5,96.5,,0.86,,640.0,250M-4
4Pole IE5,20,100.0,4,IE5,5BM100-4,5BM,100HP 4Pole IE5 Motor (415V / 3Ph / 50Hz),1492.0,125.0,374.40000000000003,96.7,,0.87,,1049.0,280S-4
4Pole IE5,21,125.0,4,IE5,5BM125-4,5BM,125HP 4Pole IE5 Motor (415V / 3Ph / 50Hz),1492.0,149.0,446.3,96.9,,0.87,,1180.0,280M-4
4Pole IE5,22,150.0,4,IE5,5BM150-4,5BM,150HP 4Pole IE5 Motor (415V / 3Ph / 50Hz),1493.0,182.0,545.1,97.0,,0.87,,1192.0,315S-4
4Pole IE5,23,175.0,4,IE5,5BM175-4,5BM,175HP 4Pole IE5 Motor (415V / 3Ph / 50Hz),1493.0,218.0,653.0,97.1,,0.87,,1326.0,315M-4
4Pole IE5,24,215.0,4,IE5,5BM215-4,5BM,215HP 4Pole IE5 Motor (415V / 3Ph / 50Hz),1494.0,264.0,790.7,97.2,,0.87,,1420.0,315L-4
4Pole IE5,25,270.0,4,IE5,5BM270-4,5BM,270HP 4Pole IE5 Motor (415V / 3Ph / 50Hz),1494.0,329.0,985.4,97.4,,0.87,,1627.0,315L-4
4Pole IE5,26,300.0,4,IE5,5BM300-4,5BM,300HP 4Pole IE5 Motor (415V / 3Ph / 50Hz),1494.0,362.0,1084.1999999999998,97.4,,0.87,,1957.0,355M-4
4Pole IE5,27,335.0,4,IE5,5BM335-4,5BM,335HP 4Pole IE5 Motor (415V / 3Ph / 50Hz),1495.0,406.0,1216.0,97.4,,0.88,,2014.0,355M-4
4Pole IE5,28,375.0,4,IE5,5BM375-4,5BM,375HP 4Pole IE5 Motor (415V / 3Ph / 50Hz),1495.0,455.0,1362.8,97.4,,0.88,,2167.0,355L-4
4Pole IE5,29,420.0,4,IE5,5BM420-4,5BM,420HP 4Pole IE5 Motor (415V / 3Ph / 50Hz),1497.0,512.0,1533.5,97.4,,0.88,,2279.0,355L-4
